Weight of Layer 1,Weight,736,0.30518949,0.30518949,,,,,,,,,,,
Weight of Layer 1,Weight,767,0.304834068,0.304834068,,,,,,,,,,,
Weight of Layer 1,Weight,737,0.293700337,0.293700337,,,,,,,,,,,
Weight of Layer 1,Weight,72,0.289293528,0.289293528,,,,,,,,,,,
Weight of Layer 1,Weight,393,-0.285324723,0.285324723,,,,,,,,,,,
Weight of Layer 1,Weight,67,0.28355673,0.28355673,,,,,,,,,,,
Weight of Layer 1,Weight,75,-0.282389671,0.282389671,,,,,,,,,,,
Weight of Layer 1,Weight,769,0.276257187,0.276257187,,,,,,,,,,,
Weight of Layer 1,Weight,115,0.270718455,0.270718455,,,,,,,,,,,
Weight of Layer 1,Weight,704,-0.270277202,0.270277202,,,,,,,,,,,0
Weight of Layer 1,Weight,708,0.266409934,0.266409934,,,,,,,,0,,,
Weight of Layer 1,Weight,749,0.25719437,0.25719437,,,,,,,,,,,
Weight of Layer 1,Weight,301,0.249362618,0.249362618,,,,,,,,,,1,
Weight of Layer 1,Weight,305,-0.249026358,0.249026358,,,,,,,,,0,,
Weight of Layer 1,Weight,734,0.243209869,0.243209869,,,,,,,,,,,
Weight of Layer 1,Weight,116,0.241881311,0.241881311,,,,,,,,,,,
Weight of Layer 1,Weight,256,0.241671547,0.241671547,,,,,,,,,,,
Weight of Layer 1,Weight,321,-0.235711128,0.235711128,,,1,,1,,0,,,,
Weight of Layer 1,Weight,707,0.234635845,0.234635845,,,,,,,,,,,
Weight of Layer 1,Weight,71,0.234584823,0.234584823,,,,,,,,,,,
Weight of Layer 1,Weight,285,0.234411672,0.234411672,,,,,,,,,,,
Weight of Layer 1,Weight,394,0.233183384,0.233183384,,,,,,0,,,,,
Weight of Layer 1,Weight,228,0.228744134,0.228744134,,,,,,,,,,,
Weight of Layer 1,Weight,735,0.227361694,0.227361694,,,,,,,,,,,
Weight of Layer 1,Weight,328,0.227076367,0.227076367,,,,0,,,1,,,1,
Weight of Layer 1,Weight,334,-0.226430386,0.226430386,,,,,,,,,,,
Weight of Layer 1,Weight,172,0.225791439,0.225791439,,,,,,,,0,,,
Weight of Layer 1,Weight,447,0.225697607,0.225697607,,,,,,,,,,,
Weight of Layer 1,Weight,198,0.222933114,0.222933114,,,,,,,,,,,
Weight of Layer 1,Weight,271,0.22270748,0.22270748,,1,,,,,,,,1,
Weight of Layer 1,Weight,248,-0.222652316,0.222652316,,,,1,,1,,,,,
Weight of Layer 1,Weight,452,0.221820831,0.221820831,,,,,,,,,,,
Weight of Layer 1,Weight,340,0.219185099,0.219185099,,,,,,,,,,,
Weight of Layer 1,Weight,333,-0.218542516,0.218542516,,,,,,,,,,,
Weight of Layer 1,Weight,290,-0.218451411,0.218451411,,,,,,,,1,,,
Weight of Layer 1,Weight,230,0.21730797,0.21730797,,,,,,,,,,,
Weight of Layer 1,Weight,291,-0.21481286,0.21481286,,,,1,,,0,,,,0
Weight of Layer 1,Weight,278,-0.214777052,0.214777052,,0,,,,,,,,,
Weight of Layer 1,Weight,481,0.214593098,0.214593098,,,,,,,,,,,
Weight of Layer 1,Weight,286,0.214512259,0.214512259,,,,,,,,,,,
Weight of Layer 1,Weight,640,-0.21425584,0.21425584,,,,,,,,,,,
Weight of Layer 1,Weight,203,0.214193106,0.214193106,,1,,,,,,,,1,
Weight of Layer 1,Weight,765,0.214177057,0.214177057,,,,,,,0,,,,
Weight of Layer 1,Weight,768,-0.211713329,0.211713329,,,,,,,,,,,
Weight of Layer 1,Weight,750,0.211530477,0.211530477,,,,,,,,,,,
Weight of Layer 1,Weight,368,0.210648656,0.210648656,,,,,,,,,,,
Weight of Layer 1,Weight,324,0.209130809,0.209130809,,,,,,,,0,,,
Weight of Layer 1,Weight,293,-0.208996683,0.208996683,,,1,,,,0,,,0,0
Weight of Layer 1,Weight,298,0.20848152,0.20848152,,,,0,,0,,,1,1,
Weight of Layer 1,Weight,306,-0.20804961,0.20804961,,,,,,,,,,,
Weight of Layer 1,Weight,145,0.207920298,0.207920298,,,,,,,,,,,
Weight of Layer 1,Weight,530,-0.207599625,0.207599625,,,,,,,,,,,
Weight of Layer 1,Weight,318,-0.20713447,0.20713447,,,1,,,1,0,,0,,
Weight of Layer 1,Weight,421,-0.205580533,0.205580533,,,,,,,,,0,,
Weight of Layer 1,Weight,143,0.205545336,0.205545336,,,,,,,,,,,
Weight of Layer 1,Weight,326,0.205434307,0.205434307,,1,,,,,1,,,1,1
Weight of Layer 1,Weight,766,0.203176126,0.203176126,,,,,,,,,,,
Weight of Layer 1,Weight,243,0.203020051,0.203020051,,1,,,0,,,0,1,1,
Weight of Layer 1,Weight,697,-0.203006119,0.203006119,,,,,,,,,,,
Weight of Layer 1,Weight,317,-0.20262,0.20262,,,1,,,,,1,,,
Weight of Layer 1,Weight,319,-0.200722843,0.200722843,,,,1,1,,,,0,,0
Weight of Layer 1,Weight,257,0.199047208,0.199047208,,,,,,,,,,,
Weight of Layer 1,Weight,320,-0.198352113,0.198352113,,,,1,,,,,,,0
Weight of Layer 1,Weight,200,0.198338971,0.198338971,,,,,,,,,,,
Weight of Layer 1,Weight,389,-0.197784051,0.197784051,,,,,,,,,,,
Weight of Layer 1,Weight,292,-0.19635205,0.19635205,,,1,,1,,,,,0,
Weight of Layer 1,Weight,354,0.196340919,0.196340919,,1,,,0,,,,,,1
Weight of Layer 1,Weight,268,0.195765853,0.195765853,,,,,,,1,0,1,,
Weight of Layer 1,Weight,78,-0.195621505,0.195621505,,,,,,,,,,,
Weight of Layer 1,Weight,80,-0.195474863,0.195474863,,,,,,,,,,,
Weight of Layer 1,Weight,705,0.195395872,0.195395872,,,,,,,,,,,
Weight of Layer 1,Weight,770,-0.195391327,0.195391327,,,,,0,,,,,,
Weight of Layer 1,Weight,79,-0.194726765,0.194726765,,,,,,,,,,,
Weight of Layer 1,Weight,304,-0.194121167,0.194121167,,,,0,,,,,,,
Weight of Layer 1,Weight,415,-0.193628475,0.193628475,,,,,,,,,,0,
Weight of Layer 1,Weight,313,0.19155395,0.19155395,,,,,,0,,,,,
Weight of Layer 1,Weight,213,0.190181747,0.190181747,,,,,,,,,1,,1
Weight of Layer 1,Weight,92,0.189682558,0.189682558,,,,,,,,,,,
Weight of Layer 1,Weight,613,-0.189411208,0.189411208,,,,,,,,,,,
Weight of Layer 1,Weight,349,-0.189231679,0.189231679,,,,,,,0,,,,
Weight of Layer 1,Weight,279,-0.188846976,0.188846976,,,,0,,,,,,,
Weight of Layer 1,Weight,229,0.18855451,0.18855451,,,,,,,,,,,
Weight of Layer 1,Weight,191,-0.187834948,0.187834948,,,,1,,,,,,,
Weight of Layer 1,Weight,372,-0.187661365,0.187661365,,,,,,,,1,,,
Weight of Layer 1,Weight,404,-0.185621455,0.185621455,,,,,1,,,,,,
Weight of Layer 1,Weight,261,-0.185606703,0.185606703,,,1,,,,,,,,
Weight of Layer 1,Weight,299,0.185515925,0.185515925,,1,,,,,,,,,
Weight of Layer 1,Weight,593,0.184289202,0.184289202,,,,,,,,,,,
Weight of Layer 1,Weight,303,-0.184133202,0.184133202,,,,,,,,,,,
Weight of Layer 1,Weight,454,0.183276415,0.183276415,,,,,,,,,0,,
Weight of Layer 1,Weight,677,0.182700828,0.182700828,,,,,,,,,,,
Weight of Layer 1,Weight,670,-0.182314172,0.182314172,,,,,,,,,,,
Weight of Layer 1,Weight,190,-0.181775749,0.181775749,,,1,1,1,,,,,,
Weight of Layer 1,Weight,91,0.181582779,0.181582779,,,,,,,,,,,
Weight of Layer 1,Weight,132,-0.181429923,0.181429923,,,,,,,,,,,
Weight of Layer 1,Weight,353,0.181397155,0.181397155,,,,,,,,,,,
Weight of Layer 1,Weight,588,-0.180741057,0.180741057,,,,,,,,,,,
Weight of Layer 1,Weight,347,-0.180603161,0.180603161,,,,,,,0,,,,
Weight of Layer 1,Weight,254,0.180149913,0.180149913,,,,,,,,,,,
Weight of Layer 1,Weight,537,0.180090457,0.180090457,,,,,,,,,,,
Weight of Layer 1,Weight,620,0.179958433,0.179958433,,,,,,,1,,,,
Weight of Layer 1,Weight,264,-0.179456174,0.179456174,,,,,,,,,,,
Weight of Layer 1,Weight,295,0.178288415,0.178288415,,,,,,,,,1,,
Weight of Layer 1,Weight,117,0.177748889,0.177748889,,,,,,,,,,,
Weight of Layer 1,Weight,619,0.177679434,0.177679434,,,,,,,,,,,
Weight of Layer 1,Weight,450,0.177227259,0.177227259,,,,,,,,,,,
Weight of Layer 1,Weight,288,-0.17680198,0.17680198,,,,,,,,,0,,
Weight of Layer 1,Weight,382,0.176678941,0.176678941,,,,,,0,,,,,
Weight of Layer 1,Weight,74,-0.176361948,0.176361948,,,,,,,,,0,,
Weight of Layer 1,Weight,97,0.176357344,0.176357344,,,,,,,,,,,
Weight of Layer 1,Weight,647,0.176070929,0.176070929,,0,,,,,,,,,
Weight of Layer 1,Weight,289,-0.176054507,0.176054507,,,,,,,,1,,,
Weight of Layer 1,Weight,90,0.175631508,0.175631508,,,,,,,,,,,
Weight of Layer 1,Weight,259,0.175289154,0.175289154,,0,,,,,,,,,
Weight of Layer 1,Weight,126,0.175225988,0.175225988,,,,,,,,,,1,
Weight of Layer 1,Weight,282,0.175190032,0.175190032,,,,,,,,,,,
Weight of Layer 1,Weight,587,0.17516315,0.17516315,,,,,,,,0,,,
Weight of Layer 1,Weight,361,-0.17496489,0.17496489,,,,,,,,,,,
Weight of Layer 1,Weight,237,-0.174456328,0.174456328,,,,,,,,1,,,
Weight of Layer 1,Weight,226,0.174326539,0.174326539,,,,,,,,,,,
Weight of Layer 1,Weight,165,-0.173579812,0.173579812,,,,,,,,,,,
Weight of Layer 1,Weight,263,-0.172539532,0.172539532,,,1,,,,,,0,,
Weight of Layer 1,Weight,252,-0.172374785,0.172374785,,,,,,,,,,,
Weight of Layer 1,Weight,274,-0.172247604,0.172247604,,,,,,1,,,,,
Weight of Layer 1,Weight,721,0.171984941,0.171984941,,,,,,,,,,,
Weight of Layer 1,Weight,174,0.171870276,0.171870276,,,,,,,,,,,
Weight of Layer 1,Weight,144,0.171822608,0.171822608,,,,,,,,,,,
Weight of Layer 1,Weight,124,0.171434224,0.171434224,,,,,,,,,,1,
Weight of Layer 1,Weight,235,-0.171432525,0.171432525,,,,,,,,,0,,
Weight of Layer 1,Weight,356,0.170823067,0.170823067,,1,,,,,1,,,,
Weight of Layer 1,Weight,250,-0.169926316,0.169926316,,,,,,,,,,,
Weight of Layer 1,Weight,204,0.169396102,0.169396102,,,,,,,,,,1,
Weight of Layer 1,Weight,564,0.169390574,0.169390574,,,,,,,,,,0,
Weight of Layer 1,Weight,167,-0.169221133,0.169221133,,,,,,0,,,,,
Weight of Layer 1,Weight,331,-0.169211924,0.169211924,,,,,0,,,,,,
Weight of Layer 1,Weight,232,0.168533608,0.168533608,,,,,,,,,,,
Weight of Layer 1,Weight,240,0.167512998,0.167512998,,,,,,,,,,,1
Weight of Layer 1,Weight,192,-0.167341754,0.167341754,,,,1,,,,,,,
Weight of Layer 1,Weight,451,0.165553614,0.165553614,,,,,,,,,,,
Weight of Layer 1,Weight,648,0.165382475,0.165382475,,,,,,,,,,,
Weight of Layer 1,Weight,150,0.165287599,0.165287599,,1,,,,,,,,,1
Weight of Layer 1,Weight,614,-0.165235773,0.165235773,,,,,,,,,,,
Weight of Layer 1,Weight,557,-0.165116131,0.165116131,,,,,,,,,,,
Weight of Layer 1,Weight,362,-0.165045559,0.165045559,,,,,,,,,,,
Weight of Layer 1,Weight,478,0.164092898,0.164092898,,,,,,,,,,,
Weight of Layer 1,Weight,164,-0.164060965,0.164060965,,,,,,,,,,,
Weight of Layer 1,Weight,330,0.164043412,0.164043412,,,,,,,,,,,
Weight of Layer 1,Weight,221,-0.163536713,0.163536713,,,,1,,1,,,,,
Weight of Layer 1,Weight,202,0.163422555,0.163422555,,,,,,,,,,,
Weight of Layer 1,Weight,639,-0.162490517,0.162490517,,,,,,,,,,,
Weight of Layer 1,Weight,160,-0.162218884,0.162218884,,,1,,,,0,,,,
Weight of Layer 1,Weight,499,0.160858929,0.160858929,,,,,,,,,,,
Weight of Layer 1,Weight,118,0.160584256,0.160584256,,,,,,0,,,,,
Weight of Layer 1,Weight,280,-0.160562232,0.160562232,,,,,,,,,,,
Weight of Layer 1,Weight,562,0.160283938,0.160283938,,,,,,,,,,,
Weight of Layer 1,Weight,725,-0.160115868,0.160115868,,,,,,,,,,,0
Weight of Layer 1,Weight,503,-0.159653351,0.159653351,,,,,,,,,,,
Weight of Layer 1,Weight,146,0.159287065,0.159287065,,1,,,,,,,,,
Weight of Layer 1,Weight,137,-0.159257382,0.159257382,,,,,,,,,,,
Weight of Layer 1,Weight,544,-0.158911958,0.158911958,,,,,,,,,,,
Weight of Layer 1,Weight,425,0.158363074,0.158363074,,,,,,,,,,,
Weight of Layer 1,Weight,94,0.158284724,0.158284724,,,,,,,,,,,
Weight of Layer 1,Weight,70,0.158040196,0.158040196,,,,,,,,,,,
Weight of Layer 1,Weight,138,-0.157727629,0.157727629,,,,,,,,,,,
Weight of Layer 1,Weight,418,-0.157042861,0.157042861,,,,,,,,,,,
Weight of Layer 1,Weight,220,-0.156856149,0.156856149,,,,,,,,,,,
Weight of Layer 1,Weight,182,0.156258479,0.156258479,,,,,,,,,,,
Weight of Layer 1,Weight,247,-0.154448479,0.154448479,,,,,,,,,,,
Weight of Layer 1,Weight,277,-0.154215336,0.154215336,,,,,,1,,,,,
Weight of Layer 1,Weight,585,-0.154077902,0.154077902,,,,,,,,,,,
Weight of Layer 1,Weight,511,-0.15187563,0.15187563,,,,1,,1,,,,,
Weight of Layer 1,Weight,387,-0.15180473,0.15180473,,,,,,,,,,,
Weight of Layer 1,Weight,312,0.151579157,0.151579157,,,,,,,,,,,
Weight of Layer 1,Weight,381,0.151331052,0.151331052,,,,,,,,,,,
Weight of Layer 1,Weight,343,-0.151060566,0.151060566,,,,,,,,,,,
Weight of Layer 1,Weight,363,-0.150656804,0.150656804,,,,,,,,,,,
Weight of Layer 1,Weight,227,0.150034308,0.150034308,,,,,,,,,,,
Weight of Layer 1,Weight,127,0.149829283,0.149829283,,,,,,,,,,,0
Weight of Layer 1,Weight,109,-0.148819998,0.148819998,,,,,,,,,,,
Weight of Layer 1,Weight,73,-0.148416936,0.148416936,,,0,,,,,,,,
Weight of Layer 1,Weight,590,0.148175418,0.148175418,,,,,,,,,,,
Weight of Layer 1,Weight,275,-0.147315085,0.147315085,,,,,,1,,,,,
Weight of Layer 1,Weight,408,0.147034958,0.147034958,,,,,,,,,,,
Weight of Layer 1,Weight,238,-0.146415174,0.146415174,,,,,,,,,,,
Weight of Layer 1,Weight,310,0.146160319,0.146160319,,,,,,,,,,,
Weight of Layer 1,Weight,428,-0.145461544,0.145461544,,,1,,,,,,,,
Weight of Layer 1,Weight,76,-0.145024508,0.145024508,,,,,,,,,,,
Weight of Layer 1,Weight,205,0.144575626,0.144575626,,,,,,,,,,,
Weight of Layer 1,Weight,652,0.143774956,0.143774956,,1,,,,,,,,,
Weight of Layer 1,Weight,599,-0.143769607,0.143769607,,,,,,,,,,,
Weight of Layer 1,Weight,69,0.143569574,0.143569574,,,,,,,,,,,
Weight of Layer 1,Weight,417,-0.143425554,0.143425554,,,,,,,,,,,
Weight of Layer 1,Weight,180,0.142869219,0.142869219,,,,0,,,1,,,,
Weight of Layer 1,Weight,236,-0.142645597,0.142645597,,,,,,,,,0,,
Weight of Layer 1,Weight,482,-0.14244476,0.14244476,,,,,,,,,,,
Weight of Layer 1,Weight,222,-0.141555175,0.141555175,,,,,,,,,,,
Weight of Layer 1,Weight,592,0.141283706,0.141283706,,,,,,,,,,,
Weight of Layer 1,Weight,410,0.140774459,0.140774459,,,,,,,,,,1,
Weight of Layer 1,Weight,206,0.140689909,0.140689909,,,,,,,,,,,
Weight of Layer 1,Weight,173,0.139746025,0.139746025,,,,0,,,,,,,
Weight of Layer 1,Weight,360,-0.139717028,0.139717028,,,,,,,,,,,
Weight of Layer 1,Weight,536,0.13968724,0.13968724,,,,,,,,,,,
Weight of Layer 1,Weight,745,0.138300091,0.138300091,,,,,,,,,,,
Weight of Layer 1,Weight,457,-0.137632683,0.137632683,,,1,,,,,,,,
Weight of Layer 1,Weight,637,-0.137600124,0.137600124,,,,,,,,,,,
Weight of Layer 1,Weight,329,0.13748692,0.13748692,,,,,,0,,,,,
Weight of Layer 1,Weight,346,-0.136980563,0.136980563,,,,,1,,,,,,
Weight of Layer 1,Weight,223,-0.136615187,0.136615187,,,,,,,,,,,
Weight of Layer 1,Weight,724,-0.136264622,0.136264622,,,,,,,0,,,,
Weight of Layer 1,Weight,676,0.135008618,0.135008618,,,,,,,,,,,
Weight of Layer 1,Weight,591,0.134606779,0.134606779,,,,,,,,,,,
Weight of Layer 1,Weight,308,-0.134558275,0.134558275,,,,,,,,,,,
Weight of Layer 1,Weight,135,-0.134540141,0.134540141,,,,,,,,,,,
Weight of Layer 1,Weight,379,0.13424471,0.13424471,,,,,,,,0,,,
Weight of Layer 1,Weight,231,0.133836105,0.133836105,,1,,,,,,,,,
Weight of Layer 1,Weight,96,0.133527428,0.133527428,,,,,,,,,,,
Weight of Layer 1,Weight,311,0.133515626,0.133515626,,,,,,,,,,,
Weight of Layer 1,Weight,101,0.133114785,0.133114785,,,,,,,,,,,
Weight of Layer 1,Weight,545,-0.131957561,0.131957561,,,,1,1,,,1,,,
Weight of Layer 1,Weight,251,-0.131887943,0.131887943,,,,,,,,,,,
Weight of Layer 1,Weight,255,0.131541863,0.131541863,,,,,,,,,,,
Weight of Layer 1,Weight,559,-0.131299615,0.131299615,,,,,,,,,,,
Weight of Layer 1,Weight,563,0.130293757,0.130293757,,,,,,,,,,,
Weight of Layer 1,Weight,622,0.130208135,0.130208135,,,,,,,,,,,
Weight of Layer 1,Weight,178,0.129993021,0.129993021,,,,0,,,,,,,
Weight of Layer 1,Weight,723,-0.129565895,0.129565895,,,,,,,,,,,
Weight of Layer 1,Weight,315,-0.12813969,0.12813969,,,,,,,,0,,,
Weight of Layer 1,Weight,133,-0.127956107,0.127956107,,,,,,,,,,,
Weight of Layer 1,Weight,77,-0.127912581,0.127912581,,,,,,,,,,,
Weight of Layer 1,Weight,720,0.126763821,0.126763821,,,,,,,,,,,
Weight of Layer 1,Weight,123,0.126716763,0.126716763,,,,,,,,,,1,
Weight of Layer 1,Weight,120,0.126092732,0.126092732,,,,,,,,,,1,
Weight of Layer 1,Weight,106,-0.125800073,0.125800073,,,,,,,,,,,
Weight of Layer 1,Weight,66,0.12554124,0.12554124,,,,,,,,,,,
Weight of Layer 1,Weight,216,-0.124960147,0.124960147,,,,,,,,,0,,0
Weight of Layer 1,Weight,176,0.124336399,0.124336399,,,,,,,,,,,
Weight of Layer 1,Weight,344,-0.124219596,0.124219596,,,,,,,,,,,
Weight of Layer 1,Weight,201,0.124152802,0.124152802,,,,,,,,,,,
Weight of Layer 1,Weight,507,0.124144658,0.124144658,,,,,,,,,,,
Weight of Layer 1,Weight,244,0.123967305,0.123967305,,,,,0,,,,,,
Weight of Layer 1,Weight,332,-0.123749241,0.123749241,,,0,,,,,,,,
Weight of Layer 1,Weight,571,-0.123536177,0.123536177,,,,,,,,,,,
Weight of Layer 1,Weight,175,0.122104317,0.122104317,,,,,,,,,,,
Weight of Layer 1,Weight,195,-0.121810742,0.121810742,,,,,,,,,,,
Weight of Layer 1,Weight,509,0.121059038,0.121059038,,,,,,,,,,,0
Weight of Layer 1,Weight,269,0.12093427,0.12093427,,,,,,,,,,,
Weight of Layer 1,Weight,494,0.12090423,0.12090423,,,,,,,,,,,
Weight of Layer 1,Weight,659,-0.12088421,0.12088421,,,,,,,,,,,
Weight of Layer 1,Weight,234,-0.120550036,0.120550036,,,,,,,,,0,,
Weight of Layer 1,Weight,102,0.120008916,0.120008916,,,,,,,,,,,
Weight of Layer 1,Weight,297,0.119675368,0.119675368,,,,,,,,,,,
Weight of Layer 1,Weight,68,0.119629495,0.119629495,,,,,,,,,,,
Weight of Layer 1,Weight,434,0.119318768,0.119318768,,,,,,,1,,,,
Weight of Layer 1,Weight,266,-0.119060665,0.119060665,,,1,,1,1,,,,,0
Weight of Layer 1,Weight,535,0.118835151,0.118835151,,,,,,,,,,,
Weight of Layer 1,Weight,678,0.118815087,0.118815087,,,,,,,,,,,
Weight of Layer 1,Weight,217,-0.118659951,0.118659951,,,,,,,,,0,,
Weight of Layer 1,Weight,680,0.117918327,0.117918327,,1,,,,,,,,,
Weight of Layer 1,Weight,594,0.117654063,0.117654063,,,,,,,,,,,
Weight of Layer 1,Weight,242,0.117324673,0.117324673,,,,,,,1,,,,
Weight of Layer 1,Weight,98,0.117101215,0.117101215,,,,,0,,,,,,
Weight of Layer 1,Weight,453,0.116888516,0.116888516,,,,,,,,,,,
Weight of Layer 1,Weight,212,0.116342627,0.116342627,,,,,,,,,,,
Weight of Layer 1,Weight,162,-0.116087899,0.116087899,,0,,,1,,,,,,
Weight of Layer 1,Weight,422,0.115874894,0.115874894,,,,,,0,,,,,
Weight of Layer 1,Weight,578,0.115871482,0.115871482,,,,,,,,0,,,1
Weight of Layer 1,Weight,273,0.1152905,0.1152905,,1,,,0,,1,,,,
Weight of Layer 1,Weight,402,-0.114363909,0.114363909,,,,,,,,,,,
Weight of Layer 1,Weight,388,-0.113861501,0.113861501,,,,,,,,,,,
Weight of Layer 1,Weight,403,-0.113669679,0.113669679,,0,,,,,,,,,
Weight of Layer 1,Weight,542,-0.113588631,0.113588631,,,,,1,,,,,,
Weight of Layer 1,Weight,583,-0.113569617,0.113569617,,,,,,,,,,,
Weight of Layer 1,Weight,134,-0.11278867,0.11278867,,,,,,,,,,,
Weight of Layer 1,Weight,618,0.111962542,0.111962542,,,,,,,,,,,
Weight of Layer 1,Weight,107,-0.111702695,0.111702695,,,,,,,,,,,
Weight of Layer 1,Weight,706,0.111126713,0.111126713,,,,,,,,,,,
Weight of Layer 1,Weight,506,0.111019358,0.111019358,,,,,,,,,,,
Weight of Layer 1,Weight,296,0.110273652,0.110273652,,,,,,,,,,,1
Weight of Layer 1,Weight,479,0.110036686,0.110036686,,,,,,,,,,,
Weight of Layer 1,Weight,199,0.109967783,0.109967783,,,,,,,,,,,0
Weight of Layer 1,Weight,651,0.10981255,0.10981255,,1,,,,,,,,,
Weight of Layer 1,Weight,376,-0.109341249,0.109341249,,,,,,1,,,,,
Weight of Layer 1,Weight,480,0.109235078,0.109235078,,,,,,,,,,,
Weight of Layer 1,Weight,751,-0.108864725,0.108864725,,,,,0,,,,,,
Weight of Layer 1,Weight,401,-0.108666092,0.108666092,,0,1,,,,,,,0,
Weight of Layer 1,Weight,157,0.108611248,0.108611248,,,,,,0,,,,,
Weight of Layer 1,Weight,136,-0.108243138,0.108243138,,,,,,,,,,,
Weight of Layer 1,Weight,95,0.108179688,0.108179688,,,,,,,,,,,
Weight of Layer 1,Weight,641,-0.107900716,0.107900716,,,,,,,,,,,
Weight of Layer 1,Weight,491,-0.10743548,0.10743548,,,,,,,,1,,,
Weight of Layer 1,Weight,462,0.105743058,0.105743058,,,,,0,,1,,,,
Weight of Layer 1,Weight,265,-0.105003171,0.105003171,,,1,,1,,,1,,,
Weight of Layer 1,Weight,572,-0.10473904,0.10473904,,,,,,,,,,,
Weight of Layer 1,Weight,431,-0.104649484,0.104649484,,0,1,,,,,,,,
Weight of Layer 1,Weight,455,-0.104635686,0.104635686,,,1,,,,,,,0,
Weight of Layer 1,Weight,565,0.104626611,0.104626611,,,,,,,,,,,
Weight of Layer 1,Weight,370,-0.104501776,0.104501776,,,,,,,,,,,
Weight of Layer 1,Weight,104,-0.104312174,0.104312174,,,,,,,,,,,
Weight of Layer 1,Weight,573,-0.10417778,0.10417778,,,,,,,,,,,
Weight of Layer 1,Weight,335,-0.104065068,0.104065068,,,,,,,,,,,
Weight of Layer 1,Weight,193,-0.103885993,0.103885993,,,,1,,,,,,,
Weight of Layer 1,Weight,436,0.103672758,0.103672758,,,,,,,,,1,1,
Weight of Layer 1,Weight,348,-0.103518255,0.103518255,,,,,,,,,,,
Weight of Layer 1,Weight,541,-0.103368819,0.103368819,,,,,,,0,,,,
Weight of Layer 1,Weight,446,-0.103061475,0.103061475,,,,,,,,,,,
Weight of Layer 1,Weight,748,-0.102550939,0.102550939,,,,,,,,,,,
Weight of Layer 1,Weight,438,0.102515399,0.102515399,,,,,,,,,,,
Weight of Layer 1,Weight,638,-0.102133311,0.102133311,,,,,,,,,,,
Weight of Layer 1,Weight,359,-0.101527289,0.101527289,,,,,,,,,,,
Weight of Layer 1,Weight,473,-0.101478368,0.101478368,,,,,,,,,,,
Weight of Layer 1,Weight,168,-0.100486577,0.100486577,,,,,,,,,,,
Weight of Layer 1,Weight,508,0.099977992,0.099977992,,,,,,,,,,,
Weight of Layer 1,Weight,153,0.09961421,0.09961421,,,,,,,,,1,,
Weight of Layer 1,Weight,471,0.099607073,0.099607073,,,,,,,,,,0,
Weight of Layer 1,Weight,316,-0.099460497,0.099460497,,,1,,,,,,,,
Weight of Layer 1,Weight,444,-0.099301048,0.099301048,,,,,,,,,,,
Weight of Layer 1,Weight,579,0.099296026,0.099296026,,,,,,,,,,,
Weight of Layer 1,Weight,430,-0.099103346,0.099103346,,,,,,,,1,,,
Weight of Layer 1,Weight,171,0.098157719,0.098157719,,,,,,,,,,,
Weight of Layer 1,Weight,547,-0.098132797,0.098132797,,,,,,,,,,,
Weight of Layer 1,Weight,383,0.097985379,0.097985379,,,,,,,,,,,
Weight of Layer 1,Weight,378,0.097719394,0.097719394,,,,,,,,,,,
Weight of Layer 1,Weight,188,-0.097708814,0.097708814,,,,,,,,,,,
Weight of Layer 1,Weight,518,-0.097562693,0.097562693,,,,,1,,,1,,,
Weight of Layer 1,Weight,456,-0.097520538,0.097520538,,,1,,,,,,,,
Weight of Layer 1,Weight,218,-0.097309679,0.097309679,,,,,1,1,,,,,
Weight of Layer 1,Weight,121,0.097065307,0.097065307,,,,,,,,,,1,
Weight of Layer 1,Weight,423,0.096935011,0.096935011,,,,,,,,,,,
Weight of Layer 1,Weight,300,0.096215181,0.096215181,,1,,,,,,,,1,
Weight of Layer 1,Weight,498,-0.096123144,0.096123144,,,,,,,,,,,0
Weight of Layer 1,Weight,148,0.095927082,0.095927082,,,,,,,,,,,
Weight of Layer 1,Weight,151,0.095591687,0.095591687,,,,,,,,,,,
Weight of Layer 1,Weight,642,-0.094946638,0.094946638,,,0,,,,,,,,
Weight of Layer 1,Weight,187,-0.094756871,0.094756871,,,,,,,,,,,0
Weight of Layer 1,Weight,666,-0.094438165,0.094438165,,,,,,,,,0,,
Weight of Layer 1,Weight,100,0.094435386,0.094435386,,,,,,,,,,,
Weight of Layer 1,Weight,628,-0.093689561,0.093689561,,,,,,,,,,,
Weight of Layer 1,Weight,93,0.093379602,0.093379602,,,,,,,,,,,
Weight of Layer 1,Weight,516,-0.093251899,0.093251899,,,,,,,,1,,,
Weight of Layer 1,Weight,538,0.092903972,0.092903972,,,,,,,,,,,
Weight of Layer 1,Weight,474,-0.092490025,0.092490025,,,,,,,,,,,
Weight of Layer 1,Weight,147,0.092312858,0.092312858,,,,,,,,,,,
Weight of Layer 1,Weight,601,-0.092034295,0.092034295,,,,1,,,,,,,
Weight of Layer 1,Weight,664,-0.090961337,0.090961337,,,,,,,,,,,
Weight of Layer 1,Weight,211,0.090956159,0.090956159,,,,,,1,,,,,
Weight of Layer 1,Weight,443,-0.089634679,0.089634679,,,,,,,,,,,
Weight of Layer 1,Weight,747,0.089325465,0.089325465,,,,,,,,,,,
Weight of Layer 1,Weight,635,-0.089261569,0.089261569,,,,,,,,,,,
Weight of Layer 1,Weight,351,0.088744335,0.088744335,,,,,,,,0,,,
Weight of Layer 1,Weight,284,0.088510156,0.088510156,,,,,,,,,,,
Weight of Layer 1,Weight,283,0.088339701,0.088339701,,,,,,,,,,,
Weight of Layer 1,Weight,258,0.088306777,0.088306777,,,,,,,,,,,
Weight of Layer 1,Weight,241,0.088220812,0.088220812,,,,,,,,,,,
Weight of Layer 1,Weight,108,-0.087894663,0.087894663,,,,,,,,,,,
Weight of Layer 1,Weight,214,0.087740041,0.087740041,,,,,,,,,1,,
Weight of Layer 1,Weight,561,0.087306194,0.087306194,,,,,,,,,,,
Weight of Layer 1,Weight,665,-0.086872131,0.086872131,,,,,,,,,,,
Weight of Layer 1,Weight,727,-0.086690955,0.086690955,,,,,,,,,,,
Weight of Layer 1,Weight,239,-0.085914157,0.085914157,,,,,,,,,,0,
Weight of Layer 1,Weight,141,-0.085853219,0.085853219,,,,,,,,,,,
Weight of Layer 1,Weight,600,-0.085815325,0.085815325,,,,,,,,,,,
Weight of Layer 1,Weight,233,0.085789301,0.085789301,,,,0,,,,,,,
Weight of Layer 1,Weight,194,-0.085172206,0.085172206,,,,,,,,,,,
Weight of Layer 1,Weight,366,0.085000016,0.085000016,,,,,,,,,,,
Weight of Layer 1,Weight,523,0.084946841,0.084946841,,1,0,,,,,,,,
Weight of Layer 1,Weight,760,0.084899612,0.084899612,,,,,,,,,,,
Weight of Layer 1,Weight,611,-0.084662542,0.084662542,,,,,,,,,,,
Weight of Layer 1,Weight,777,0.084632285,0.084632285,,,,,,,,,,,
Weight of Layer 1,Weight,40,-0.084216863,0.084216863,,,,,,,,,,,
Weight of Layer 1,Weight,342,-0.084171489,0.084171489,,,,,,,,,,,
Weight of Layer 1,Weight,341,0.084005222,0.084005222,,,,,,,,,,,
Weight of Layer 1,Weight,715,0.083949856,0.083949856,,,,,,,,,,,
Weight of Layer 1,Weight,219,-0.083926506,0.083926506,,,,,,,,,,,
Weight of Layer 1,Weight,197,-0.083782166,0.083782166,,,,,,,,,,,
Weight of Layer 1,Weight,554,0.083667703,0.083667703,,,,,,,,,,,
Weight of Layer 1,Weight,711,-0.083353564,0.083353564,,,,,,,,,,,
Weight of Layer 1,Weight,469,0.083027422,0.083027422,,1,,,,,,,,,
Weight of Layer 1,Weight,719,0.082614586,0.082614586,,,,,,,,,,,
Weight of Layer 1,Weight,45,-0.082536206,0.082536206,,,,,,,,,,,
Weight of Layer 1,Weight,377,-0.082507335,0.082507335,,,,,,,,,,,
Weight of Layer 1,Weight,105,-0.081597708,0.081597708,,,,,,,,,,,
Weight of Layer 1,Weight,87,0.081594318,0.081594318,,,,,,,,,,,
Weight of Layer 1,Weight,336,-0.081313252,0.081313252,,,,,,,,,,,
Weight of Layer 1,Weight,122,0.081102706,0.081102706,,,0,,,,,,,1,
Weight of Layer 1,Weight,574,-0.08090359,0.08090359,,,,,,,,,,,
Weight of Layer 1,Weight,391,-0.080764279,0.080764279,,,,,,,,,,,
Weight of Layer 1,Weight,130,-0.080641426,0.080641426,,,,,,,,,,,
Weight of Layer 1,Weight,616,0.080215454,0.080215454,,,,,,,,,,,
Weight of Layer 1,Weight,82,-0.08013121,0.08013121,,,,,,,,,,,
Weight of Layer 1,Weight,539,-0.080090255,0.080090255,,,,1,,,,,,,
Weight of Layer 1,Weight,33,-0.080086708,0.080086708,,,,,,,,,,,
Weight of Layer 1,Weight,103,-0.080065623,0.080065623,,,,,,,,,,,
Weight of Layer 1,Weight,740,0.080047891,0.080047891,,,,,,,,,,,
Weight of Layer 1,Weight,307,-0.079554811,0.079554811,,,,,,,,,,0,
Weight of Layer 1,Weight,632,-0.079428107,0.079428107,,,,,,,,,,,
Weight of Layer 1,Weight,352,0.079259828,0.079259828,,,,,,,,,,,
Weight of Layer 1,Weight,114,0.079137765,0.079137765,,,,,,0,,,,,
Weight of Layer 1,Weight,569,-0.078903742,0.078903742,,,,,,,,,,,
Weight of Layer 1,Weight,119,0.078675874,0.078675874,,,,,,,,,,,
Weight of Layer 1,Weight,560,-0.078398608,0.078398608,,,,,,,,,,,
Weight of Layer 1,Weight,610,-0.078034699,0.078034699,,,,,,,,,,,
Weight of Layer 1,Weight,475,0.077987731,0.077987731,,,,,,,,,,,
Weight of Layer 1,Weight,270,0.077955902,0.077955902,,,,,,,,,1,,
Weight of Layer 1,Weight,224,-0.07774134,0.07774134,,,,,,,,,,,
Weight of Layer 1,Weight,596,0.077669978,0.077669978,,,,,,,,,,,
Weight of Layer 1,Weight,752,0.077656344,0.077656344,,,,,,,,,,,
Weight of Layer 1,Weight,552,0.077519201,0.077519201,,,,,,,,,,,
Weight of Layer 1,Weight,8,-0.076931521,0.076931521,,,,,,,,,,,
Weight of Layer 1,Weight,163,-0.076917581,0.076917581,,,,,,,,,,,
Weight of Layer 1,Weight,339,-0.076898694,0.076898694,,,,,,,,,,,
Weight of Layer 1,Weight,276,-0.076656133,0.076656133,,,,,,,,,,,
Weight of Layer 1,Weight,152,0.076644935,0.076644935,,,,,,,,,,,
Weight of Layer 1,Weight,396,0.076282896,0.076282896,,,,,,,,,,,
Weight of Layer 1,Weight,681,0.07620541,0.07620541,,1,,,,,,,,,1
Weight of Layer 1,Weight,684,-0.076050244,0.076050244,,,,,,,,,,,
Weight of Layer 1,Weight,249,-0.075976975,0.075976975,,,,,,,,,,,
Weight of Layer 1,Weight,294,-0.075769581,0.075769581,,,,,,,,,,,
Weight of Layer 1,Weight,643,-0.075769477,0.075769477,,,,,,,,,,,
Weight of Layer 1,Weight,253,-0.075715601,0.075715601,,,,,,,,,,,
Weight of Layer 1,Weight,185,0.075524144,0.075524144,,,,,,,,,,,
Weight of Layer 1,Weight,166,-0.075431526,0.075431526,,,,,,,,,,,
Weight of Layer 1,Weight,416,-0.07524877,0.07524877,,,,0,,,,,,,0
Weight of Layer 1,Weight,1,-0.074868478,0.074868478,,,,,,,,,,,
Weight of Layer 1,Weight,405,-0.074779667,0.074779667,,,,,,,,,,,
Weight of Layer 1,Weight,476,-0.074414708,0.074414708,,,,,,,,,,,
Weight of Layer 1,Weight,225,0.073970072,0.073970072,,,,,,,,,,,
Weight of Layer 1,Weight,99,0.073943868,0.073943868,,,,,,,,,,,
Weight of Layer 1,Weight,758,-0.073777735,0.073777735,,,,,,,,,,,
Weight of Layer 1,Weight,32,0.073514618,0.073514618,,,,,,,,,,,
Weight of Layer 1,Weight,36,0.073513739,0.073513739,,,,,,,,,,,
Weight of Layer 1,Weight,584,-0.072609723,0.072609723,,,,,,,,,,,
Weight of Layer 1,Weight,617,0.072590083,0.072590083,,,,,,,,,,,
Weight of Layer 1,Weight,89,-0.072347857,0.072347857,,,,,,,,,,,
Weight of Layer 1,Weight,327,0.072006859,0.072006859,,,,,,,1,,,,
Weight of Layer 1,Weight,656,-0.071981624,0.071981624,,,,,,,,,,,
Weight of Layer 1,Weight,674,0.071727581,0.071727581,,,,,,,,,,,
Weight of Layer 1,Weight,753,0.071687415,0.071687415,,,,,,,,,,,
Weight of Layer 1,Weight,612,-0.071672164,0.071672164,,,,,,,,,,,
Weight of Layer 1,Weight,85,0.071581446,0.071581446,,,,,,,,,,,
Weight of Layer 1,Weight,267,0.071290918,0.071290918,,,,,,,,,,,
Weight of Layer 1,Weight,110,-0.07088647,0.07088647,,,,,,,,,,,
Weight of Layer 1,Weight,609,0.070852801,0.070852801,,1,,,,,,,0,,
Weight of Layer 1,Weight,568,-0.070433669,0.070433669,,,,1,,,,,,,
Weight of Layer 1,Weight,325,0.070243835,0.070243835,,,,,,,,,,,
Weight of Layer 1,Weight,774,-0.069993198,0.069993198,,,,,,,,,,,
Weight of Layer 1,Weight,140,-0.069976017,0.069976017,,,,,,,,,,,
Weight of Layer 1,Weight,399,-0.069499709,0.069499709,,,,,,,,,,,
Weight of Layer 1,Weight,406,0.0693416,0.0693416,,,,,,,,,,,
Weight of Layer 1,Weight,88,-0.069255561,0.069255561,,,,,,,,,,,
Weight of Layer 1,Weight,629,-0.069226533,0.069226533,,,1,,,1,,,,,
Weight of Layer 1,Weight,492,-0.069147795,0.069147795,,,,,,,,,,,
Weight of Layer 1,Weight,65,-0.069017142,0.069017142,,,,,,,,,,,
Weight of Layer 1,Weight,30,-0.069016539,0.069016539,,,,,,,,,,,
Weight of Layer 1,Weight,272,0.068698578,0.068698578,,,,,,,,0,,,
Weight of Layer 1,Weight,679,0.068692081,0.068692081,,1,,,,,,,,,
Weight of Layer 1,Weight,60,0.068149805,0.068149805,,,,,,,,,,,
Weight of Layer 1,Weight,34,0.067308441,0.067308441,,0,,,,,,,,,
Weight of Layer 1,Weight,589,-0.067234389,0.067234389,,,,,,,,,,,
Weight of Layer 1,Weight,726,-0.066837937,0.066837937,,,,,,,,,,,
Weight of Layer 1,Weight,161,-0.066788338,0.066788338,,,,,,,,,,,
Weight of Layer 1,Weight,395,0.066417411,0.066417411,,,,,,,,,,,
Weight of Layer 1,Weight,314,-0.066390425,0.066390425,,,,,,,,,,,
Weight of Layer 1,Weight,495,0.066388123,0.066388123,,,,,,,,,,,
Weight of Layer 1,Weight,179,0.066211574,0.066211574,,,,,,,,,,,
Weight of Layer 1,Weight,534,0.066050336,0.066050336,,,,,,,,,,,
Weight of Layer 1,Weight,413,-0.066024117,0.066024117,,,,,,,,,,,
Weight of Layer 1,Weight,698,0.065502271,0.065502271,,,,,,,,,,,
Weight of Layer 1,Weight,703,0.06505391,0.06505391,,,,,,,,,,,
Weight of Layer 1,Weight,15,0.064877048,0.064877048,,,,,,,,,,,
Weight of Layer 1,Weight,570,-0.064438336,0.064438336,,,,,,,,,,,
Weight of Layer 1,Weight,741,-0.064414307,0.064414307,,,,,,,,,,,
Weight of Layer 1,Weight,728,0.064273387,0.064273387,,,,,,,,,,,
Weight of Layer 1,Weight,177,0.06426958,0.06426958,,,,,,,,,,,1
Weight of Layer 1,Weight,246,-0.063885741,0.063885741,,,,,,,,,,,
Weight of Layer 1,Weight,20,-0.063855231,0.063855231,,,,,,,,,,,
Weight of Layer 1,Weight,262,-0.063851796,0.063851796,,,,,,,,,,,
Weight of Layer 1,Weight,688,-0.063681133,0.063681133,,,,,,,,,,,
Weight of Layer 1,Weight,420,-0.063446142,0.063446142,,,,,,,,,,,
Weight of Layer 1,Weight,775,0.063347019,0.063347019,,,,,,,,,,,
Weight of Layer 1,Weight,543,-0.063021295,0.063021295,,,,,,,,,,,
Weight of Layer 1,Weight,439,0.062224664,0.062224664,,,,,,,,,,,
Weight of Layer 1,Weight,558,-0.062085249,0.062085249,,,,,,,,,,,
Weight of Layer 1,Weight,374,-0.061716676,0.061716676,,,,,,,,,,,
Weight of Layer 1,Weight,458,-0.061626155,0.061626155,,,1,,,,,,,,
Weight of Layer 1,Weight,13,-0.061317425,0.061317425,,,,,,,,,,,
Weight of Layer 1,Weight,375,-0.061210033,0.061210033,,,,,,,,,,,
Weight of Layer 1,Weight,467,0.061182074,0.061182074,,,,,,,,,,,
Weight of Layer 1,Weight,512,-0.061117418,0.061117418,,,,,,,,0,,,
Weight of Layer 1,Weight,429,-0.061011069,0.061011069,,,,,,,,,,,
Weight of Layer 1,Weight,778,0.060990062,0.060990062,,,,,,,,,,,
Weight of Layer 1,Weight,497,0.060913496,0.060913496,,,,,0,,,,,,
Weight of Layer 1,Weight,784,0.060905226,0.060905226,,,,,,,,,,,
Weight of Layer 1,Weight,27,0.060877804,0.060877804,,,,,,,,,,,
Weight of Layer 1,Weight,113,-0.060771834,0.060771834,,,,,,,,0,,,
Weight of Layer 1,Weight,490,-0.060525022,0.060525022,,,,,,,,,,,
Weight of Layer 1,Weight,18,-0.060148712,0.060148712,,,,,,,,,,,
Weight of Layer 1,Weight,650,0.059799653,0.059799653,,,,,,,,,,,
Weight of Layer 1,Weight,83,-0.059689082,0.059689082,,,,,,,,,,,
Weight of Layer 1,Weight,695,-0.059162136,0.059162136,,,,,,,,,,,
Weight of Layer 1,Weight,699,-0.059160165,0.059160165,,,,,,,,,,,
Weight of Layer 1,Weight,483,-0.059044879,0.059044879,,,,,,,,,,,
Weight of Layer 1,Weight,627,-0.05904289,0.05904289,,,,,,,,,,,
Weight of Layer 1,Weight,668,-0.059025034,0.059025034,,,,,,,,,,,
Weight of Layer 1,Weight,692,-0.058816407,0.058816407,,,,,,,,,,,
Weight of Layer 1,Weight,709,0.058179077,0.058179077,,,,,,,,,,,
Weight of Layer 1,Weight,35,-0.058033258,0.058033258,,,,,,,,,,,
Weight of Layer 1,Weight,287,-0.057391159,0.057391159,,,,,,,,,,,
Weight of Layer 1,Weight,687,-0.056560755,0.056560755,,1,,,,,,1,,,
Weight of Layer 1,Weight,663,-0.055866838,0.055866838,,,,,0,,,,,,
Weight of Layer 1,Weight,111,-0.055247396,0.055247396,,,,,,,,,,,
Weight of Layer 1,Weight,576,0.055100102,0.055100102,,,,,,,,,,,
Weight of Layer 1,Weight,61,-0.054841094,0.054841094,,,,,,,,,,,
Weight of Layer 1,Weight,449,-0.054668956,0.054668956,,,,,,,,,,,
Weight of Layer 1,Weight,645,0.05463548,0.05463548,,,,,,,,,,,
Weight of Layer 1,Weight,419,-0.054626673,0.054626673,,,,,,,0,,,,
Weight of Layer 1,Weight,207,0.054362897,0.054362897,,,,,,,,,,,
Weight of Layer 1,Weight,744,-0.054202493,0.054202493,,,,,,,,,,,
Weight of Layer 1,Weight,345,-0.05401713,0.05401713,,,,,,,,,,,
Weight of Layer 1,Weight,529,-0.053067517,0.053067517,,,,,,,,,,,
Weight of Layer 1,Weight,672,0.052928898,0.052928898,,,,,,,,,,,
Weight of Layer 1,Weight,712,0.052837785,0.052837785,,,,,,,,,,,
Weight of Layer 1,Weight,646,-0.05258517,0.05258517,,,,,,,,,,,
Weight of Layer 1,Weight,636,-0.052521568,0.052521568,,,,,,,,,0,,
Weight of Layer 1,Weight,25,0.052483816,0.052483816,,,,,,,,,,,
Weight of Layer 1,Weight,29,0.052340772,0.052340772,,,,,,,,,,,
Weight of Layer 1,Weight,4,0.052207489,0.052207489,,,,,,,,,,,
Weight of Layer 1,Weight,62,0.052105069,0.052105069,,,,,,,,,,,
Weight of Layer 1,Weight,607,0.052083068,0.052083068,,,,,,,,,,,
Weight of Layer 1,Weight,653,0.051920488,0.051920488,,1,,,,,,,,,
Weight of Layer 1,Weight,125,0.051764153,0.051764153,,,,,,,,,,,
Weight of Layer 1,Weight,546,-0.051596344,0.051596344,,,,,1,,,,,,
Weight of Layer 1,Weight,58,0.051538926,0.051538926,,,,,,,,,,,
Weight of Layer 1,Weight,701,-0.051183183,0.051183183,,,,,,,,,,,
Weight of Layer 1,Weight,575,0.051031556,0.051031556,,,,,,,,,,,
Weight of Layer 1,Weight,23,0.050922859,0.050922859,,,,,,,,,,,
Weight of Layer 1,Weight,149,0.05044274,0.05044274,,,,,,,,,,,
Weight of Layer 1,Weight,468,0.05043928,0.05043928,,,,,,,,,,,
Weight of Layer 1,Weight,86,-0.050069686,0.050069686,,,,,,,,,,,
Weight of Layer 1,Weight,644,0.049649898,0.049649898,,,,,,,,,,,
Weight of Layer 1,Weight,112,0.049416382,0.049416382,,,,,,,,,,,
Weight of Layer 1,Weight,357,0.049414929,0.049414929,,,,,,,,,,,
Weight of Layer 1,Weight,662,-0.049402617,0.049402617,,,,,,,,,,,
Weight of Layer 1,Weight,755,-0.049371861,0.049371861,,,,,,,,,,,0
Weight of Layer 1,Weight,685,-0.049300376,0.049300376,,,,,,,,,1,,
Weight of Layer 1,Weight,586,-0.04903841,0.04903841,,,,,,,,,,,
Weight of Layer 1,Weight,323,0.04886115,0.04886115,,,,0,,,,0,,,
Weight of Layer 1,Weight,384,0.048598949,0.048598949,,,,,,,,,,,
Weight of Layer 1,Weight,597,-0.048561696,0.048561696,,,,,,,,,,,
Weight of Layer 1,Weight,527,0.048488777,0.048488777,,,,,,0,,,,,
Weight of Layer 1,Weight,196,-0.048209328,0.048209328,,,,,,,,,,,
Weight of Layer 1,Weight,517,-0.048139848,0.048139848,,,,,1,,,,,,
Weight of Layer 1,Weight,309,0.048045713,0.048045713,,,,,,,,,,,
Weight of Layer 1,Weight,358,0.047682405,0.047682405,,,,,,,,,,,
Weight of Layer 1,Weight,302,0.047120322,0.047120322,,,,,,,,,,,
Weight of Layer 1,Weight,671,0.04711812,0.04711812,,,,0,,,,,,,
Weight of Layer 1,Weight,658,0.047070123,0.047070123,,,,,,,,,,,
Weight of Layer 1,Weight,84,-0.046955425,0.046955425,,,,,,,0,0,0,,
Weight of Layer 1,Weight,733,-0.046953633,0.046953633,,,,,,,,,,,
Weight of Layer 1,Weight,461,0.046159875,0.046159875,,,,,,,,,,,
Weight of Layer 1,Weight,24,0.046149775,0.046149775,,,,,,,,,,,
Weight of Layer 1,Weight,549,0.045738906,0.045738906,,,,,,,,,1,,
Weight of Layer 1,Weight,667,-0.045506809,0.045506809,,,,,,,,,,,
Weight of Layer 1,Weight,412,-0.045247681,0.045247681,,,,,,,,,,,
Weight of Layer 1,Weight,128,0.045080371,0.045080371,,,,,,,,,,,
Weight of Layer 1,Weight,437,0.044876829,0.044876829,,,,,,,1,,,,
Weight of Layer 1,Weight,22,-0.044851717,0.044851717,,,,,,,,,,,
Weight of Layer 1,Weight,460,0.044226144,0.044226144,,,,,,0,1,,,,
Weight of Layer 1,Weight,763,0.043405194,0.043405194,,,,,,,,,,,
Weight of Layer 1,Weight,189,-0.042997979,0.042997979,,,,1,,,,,,,
Weight of Layer 1,Weight,57,0.042706598,0.042706598,,,,,,,,,,,
Weight of Layer 1,Weight,371,-0.042373266,0.042373266,,,,,0,,,,,,
Weight of Layer 1,Weight,781,-0.042366318,0.042366318,,,,,,,,,,,
Weight of Layer 1,Weight,604,0.042129796,0.042129796,,,,,,,,,,,
Weight of Layer 1,Weight,621,0.042105712,0.042105712,,,,,,,,,,,
Weight of Layer 1,Weight,486,-0.041949823,0.041949823,,,,,,,,,,,
Weight of Layer 1,Weight,43,-0.041804064,0.041804064,,,,,,,,,,,
Weight of Layer 1,Weight,657,-0.041642301,0.041642301,,,,,1,,,,,,
Weight of Layer 1,Weight,355,0.041510284,0.041510284,,,,,,,,,,,
Weight of Layer 1,Weight,654,-0.041377794,0.041377794,,,,,,,,,,,
Weight of Layer 1,Weight,732,-0.040428713,0.040428713,,,,,,,,,,,
Weight of Layer 1,Weight,716,0.039852623,0.039852623,,,,,,,,,,,
Weight of Layer 1,Weight,56,-0.039730772,0.039730772,,,,,,,,,,,
Weight of Layer 1,Weight,426,-0.039675463,0.039675463,,,,,,,,,,,
Weight of Layer 1,Weight,435,0.039494477,0.039494477,,,,,,,,,,,
Weight of Layer 1,Weight,746,0.039205175,0.039205175,,,,,,,,,,,
Weight of Layer 1,Weight,245,-0.039058354,0.039058354,,,,,,,,,,,
Weight of Layer 1,Weight,691,0.038902078,0.038902078,,,,,,,,,,,
Weight of Layer 1,Weight,500,0.038845558,0.038845558,,,,,,,0,,,,
Weight of Layer 1,Weight,776,0.038204908,0.038204908,,,,,,,,,,,
Weight of Layer 1,Weight,502,-0.038019195,0.038019195,,,,,,,,,,,
Weight of Layer 1,Weight,427,-0.037706405,0.037706405,,,,,,,,,,,
Weight of Layer 1,Weight,759,0.037055511,0.037055511,,,,,,,,,,,
Weight of Layer 1,Weight,398,-0.036952112,0.036952112,,,,,,,,,,,
Weight of Layer 1,Weight,649,0.036494475,0.036494475,,,,,,,,,,,
Weight of Layer 1,Weight,731,-0.036479309,0.036479309,,,,,,,,,,,
Weight of Layer 1,Weight,411,0.036344182,0.036344182,,,,,,,,0,,,
Weight of Layer 1,Weight,184,0.036037032,0.036037032,,,,,,,,,,,
Weight of Layer 1,Weight,626,-0.035939865,0.035939865,,,,,,,,,,,
Weight of Layer 1,Weight,532,0.035890069,0.035890069,,,,,,,,,,,
Weight of Layer 1,Weight,380,0.035582691,0.035582691,,,,,,,,,,,1
Weight of Layer 1,Weight,488,0.035364803,0.035364803,,,,,,,,,,,
Weight of Layer 1,Weight,463,0.035037048,0.035037048,,,,,,,1,,,,
Weight of Layer 1,Weight,783,-0.035025254,0.035025254,,,,0,,,,,,,
Weight of Layer 1,Weight,689,-0.034886397,0.034886397,,,,,,,,,,,0
Weight of Layer 1,Weight,59,-0.034623809,0.034623809,,,,,,,,,,,
Weight of Layer 1,Weight,694,-0.034611136,0.034611136,,,,,0,,,,,,
Weight of Layer 1,Weight,41,0.034589354,0.034589354,,,,,,,,,,,
Weight of Layer 1,Weight,155,0.034193277,0.034193277,,,,,,,,,,,
Weight of Layer 1,Weight,208,0.034065992,0.034065992,,,,,,,,,1,,
Weight of Layer 1,Weight,17,0.033825286,0.033825286,,,,,,,,,,,
Weight of Layer 1,Weight,28,-0.033723004,0.033723004,,,,,,,,,,,
Weight of Layer 1,Weight,445,0.033602655,0.033602655,,,,,,,,,,,
Weight of Layer 1,Weight,675,0.033555146,0.033555146,,,,,,,,,,,
Weight of Layer 1,Weight,181,0.032783102,0.032783102,,,,0,,,,,,,
Weight of Layer 1,Weight,373,-0.032708097,0.032708097,,,,,,,,,,,
Weight of Layer 1,Weight,52,-0.032607611,0.032607611,,,,,,,,,,,
Weight of Layer 1,Weight,717,-0.032142609,0.032142609,,,,,,,,,,,
Weight of Layer 1,Weight,440,-0.031188304,0.031188304,,,,,,,,,,,
Weight of Layer 1,Weight,131,-0.030787848,0.030787848,,,,,,,0,,,,
Weight of Layer 1,Weight,46,0.030588297,0.030588297,,,,,,,,,,,
Weight of Layer 1,Weight,364,0.030562324,0.030562324,,,,,,,,,,,
Weight of Layer 1,Weight,260,-0.029927548,0.029927548,,,,,,,,,,,0
Weight of Layer 1,Weight,514,-0.029754348,0.029754348,,,,,,,,,,,
Weight of Layer 1,Weight,392,-0.029710401,0.029710401,,,,,,,,,,,0
Weight of Layer 1,Weight,322,-0.029706918,0.029706918,,,,,,,,,,,
Weight of Layer 1,Weight,553,0.029701494,0.029701494,,,,,,,,,,,
Weight of Layer 1,Weight,81,-0.029502003,0.029502003,,,,,,,,,,,
Weight of Layer 1,Weight,771,0.029419303,0.029419303,,,,,,,,0,,,
Weight of Layer 1,Weight,477,0.029132511,0.029132511,,,,,,,,,,,
Weight of Layer 1,Weight,55,0.029095273,0.029095273,,,,,,,,,,,
Weight of Layer 1,Weight,6,0.029083621,0.029083621,,,,,,,,,,,
Weight of Layer 1,Weight,661,-0.029036786,0.029036786,,,,,,,,,,,
Weight of Layer 1,Weight,623,0.028609661,0.028609661,,,,,,,,,,,
Weight of Layer 1,Weight,504,-0.02827947,0.02827947,,,,,,,,,,,
Weight of Layer 1,Weight,634,-0.027820136,0.027820136,,,,,,,,,,,
Weight of Layer 1,Weight,598,-0.02781882,0.02781882,,,,,,,,,,,
Weight of Layer 1,Weight,730,-0.027793836,0.027793836,,,,,,,,,,,
Weight of Layer 1,Weight,10,0.027628232,0.027628232,,,,,,,,,,,
Weight of Layer 1,Weight,50,0.027618121,0.027618121,,,,,,,,,,,
Weight of Layer 1,Weight,700,-0.027615048,0.027615048,,,,,,,,,,,
Weight of Layer 1,Weight,756,-0.027522834,0.027522834,,,,,,,,,,,
Weight of Layer 1,Weight,183,0.027461834,0.027461834,,,,,,,,,,,
Weight of Layer 1,Weight,53,-0.027370475,0.027370475,,,,,,,,,,,
Weight of Layer 1,Weight,540,-0.027171105,0.027171105,,,,,,,,,,,
Weight of Layer 1,Weight,487,-0.027100192,0.027100192,,,,,,,,,,,
Weight of Layer 1,Weight,602,-0.026524214,0.026524214,,,,,,,,,,,
Weight of Layer 1,Weight,489,-0.026358759,0.026358759,,,,,,,,,,,
Weight of Layer 1,Weight,710,0.026114931,0.026114931,,,,,,,,,,,
Weight of Layer 1,Weight,762,-0.025929518,0.025929518,,,,,,,,,,,
Weight of Layer 1,Weight,159,-0.025924932,0.025924932,,,,,,,,,,,
Weight of Layer 1,Weight,424,0.025729518,0.025729518,,,,,,,,,,,
Weight of Layer 1,Weight,215,0.025704341,0.025704341,,,,,,,,,,,
Weight of Layer 1,Weight,513,-0.025647307,0.025647307,,,,,,,,,,,
Weight of Layer 1,Weight,63,0.02544523,0.02544523,,,,,,,,,,,
Weight of Layer 1,Weight,533,0.024942942,0.024942942,,,,,,,,,,,
Weight of Layer 1,Weight,186,-0.024891486,0.024891486,,,,,,,,,,,
Weight of Layer 1,Weight,407,0.024867892,0.024867892,,,,,,,,,,,
Weight of Layer 1,Weight,409,0.024689637,0.024689637,,,,,,,,0,,,
Weight of Layer 1,Weight,170,-0.024415817,0.024415817,,,,,,,,,,,
Weight of Layer 1,Weight,764,0.024314662,0.024314662,,,,,,,,,,,
Weight of Layer 1,Weight,49,-0.024250379,0.024250379,,,,,,,,,,,
Weight of Layer 1,Weight,605,0.023977555,0.023977555,,,,,,,,,,,
Weight of Layer 1,Weight,154,0.023847817,0.023847817,,,0,,,0,,,,,
Weight of Layer 1,Weight,156,0.023828564,0.023828564,,,,,,,0,,,,
Weight of Layer 1,Weight,9,0.023715615,0.023715615,,,,,,,,,,,0
Weight of Layer 1,Weight,2,0.023616107,0.023616107,,,,,,,,,,,
Weight of Layer 1,Weight,713,0.023323374,0.023323374,,,,,,,,,,,
Weight of Layer 1,Weight,400,-0.02282029,0.02282029,,,1,,,,,,,,
Weight of Layer 1,Weight,14,0.022800272,0.022800272,,,,,,,,,,,
Weight of Layer 1,Weight,754,0.022768861,0.022768861,,,,,,,,,,,
Weight of Layer 1,Weight,505,0.022736147,0.022736147,,,,,,,,,,,
Weight of Layer 1,Weight,37,-0.022660138,0.022660138,,,,,,,,,,,
Weight of Layer 1,Weight,386,0.0226526,0.0226526,,,,,,,,,,,
Weight of Layer 1,Weight,761,-0.022636136,0.022636136,,,,,,,,,,,
Weight of Layer 1,Weight,432,-0.022494525,0.022494525,,,,,,,,,,,
Weight of Layer 1,Weight,696,-0.0224493,0.0224493,,,0,,,,,,,,
Weight of Layer 1,Weight,714,0.022440542,0.022440542,,,,,,,,,,,
Weight of Layer 1,Weight,631,0.022017,0.022017,,,,,,,,,,,
Weight of Layer 1,Weight,524,-0.021593023,0.021593023,,,,,,,,,,,
Weight of Layer 1,Weight,44,-0.021589935,0.021589935,,,,,,,,,,,
Weight of Layer 1,Weight,519,-0.021504791,0.021504791,,,,,,,,,,,
Weight of Layer 1,Weight,485,-0.021388704,0.021388704,,,,,,,,,,,
Weight of Layer 1,Weight,682,0.020956127,0.020956127,,,,,,,,,,,
Weight of Layer 1,Weight,501,-0.020864312,0.020864312,,,,,,,,,,,
Weight of Layer 1,Weight,38,-0.020859072,0.020859072,,,,,,,,,,,
Weight of Layer 1,Weight,48,-0.020807995,0.020807995,,,,,,,,,,,
Weight of Layer 1,Weight,780,0.020791976,0.020791976,,,,,,,,,,,
Weight of Layer 1,Weight,169,-0.020402683,0.020402683,,,,,,,,,,,
Weight of Layer 1,Weight,459,-0.020230502,0.020230502,,,,,,,,,,,
Weight of Layer 1,Weight,548,0.020214835,0.020214835,,,,,,,,,,,
Weight of Layer 1,Weight,515,0.020208256,0.020208256,,,,,,,,,,,
Weight of Layer 1,Weight,550,0.020183532,0.020183532,,,,,1,,,,,,
Weight of Layer 1,Weight,210,-0.019487867,0.019487867,,,,,,,,,,0,
Weight of Layer 1,Weight,757,-0.018628869,0.018628869,,,,,,,,,,,
Weight of Layer 1,Weight,472,-0.018359538,0.018359538,,,,,,,,,,,
Weight of Layer 1,Weight,673,-0.018285099,0.018285099,,,,,,,,,,,
Weight of Layer 1,Weight,606,-0.018283559,0.018283559,,,,,,1,,,,,
Weight of Layer 1,Weight,158,-0.018233169,0.018233169,,,,,,,0,,,,
Weight of Layer 1,Weight,655,0.018119602,0.018119602,,,,,,,,,,,
Weight of Layer 1,Weight,484,0.017971994,0.017971994,,,,,,,,,,,
Weight of Layer 1,Weight,5,0.01786009,0.01786009,,,,,,,,,,,
Weight of Layer 1,Weight,520,0.017736821,0.017736821,,,,,,,,,,,
Weight of Layer 1,Weight,51,0.017313613,0.017313613,,,,,,,,,,,
Weight of Layer 1,Weight,209,-0.016310839,0.016310839,,,,,,,,,,0,
Weight of Layer 1,Weight,686,0.016256366,0.016256366,,,,,,,,,,,1
Weight of Layer 1,Weight,581,0.01608065,0.01608065,,,,,,,,,,,
Weight of Layer 1,Weight,39,-0.016014136,0.016014136,,,,,,,,,,,
Weight of Layer 1,Weight,555,0.015969167,0.015969167,,,,,,,,,,,
Weight of Layer 1,Weight,595,0.015924396,0.015924396,,,,,,,,,,,
Weight of Layer 1,Weight,738,-0.015821254,0.015821254,,,,,,,,,,,
Weight of Layer 1,Weight,779,-0.015772544,0.015772544,,,,,,,,,,,
Weight of Layer 1,Weight,493,-0.015729072,0.015729072,,,,,,,,,,,
Weight of Layer 1,Weight,528,0.015698455,0.015698455,,,,,,,,,,,
Weight of Layer 1,Weight,522,-0.015632575,0.015632575,,,,,,1,,,,,
Weight of Layer 1,Weight,608,0.015594265,0.015594265,,,,,,,,,,,
Weight of Layer 1,Weight,525,-0.015542045,0.015542045,,,,,,,,,,,
Weight of Layer 1,Weight,566,0.015085422,0.015085422,,,,,,,,,,,
Weight of Layer 1,Weight,448,0.015022629,0.015022629,,,,,,,,,,,
Weight of Layer 1,Weight,470,-0.014937113,0.014937113,,,,,,,,,,,
Weight of Layer 1,Weight,577,-0.014832206,0.014832206,,,,,,1,,,,,
Weight of Layer 1,Weight,64,0.014743841,0.014743841,,,,,,,,,,,
Weight of Layer 1,Weight,782,-0.014500112,0.014500112,,,,,,,,,,,
Weight of Layer 1,Weight,742,-0.01408303,0.01408303,,,,,,,,,,,
Weight of Layer 1,Weight,338,0.013722975,0.013722975,,,,,,,,,,,
Weight of Layer 1,Weight,531,0.01361642,0.01361642,,,,,,,,,,,
Weight of Layer 1,Weight,7,-0.013561882,0.013561882,,,,,,,,,,,
Weight of Layer 1,Weight,580,-0.013389769,0.013389769,,,,,,,,,,,
Weight of Layer 1,Weight,466,0.013058265,0.013058265,,,,,,,,,,,
Weight of Layer 1,Weight,12,-0.012501288,0.012501288,,,,,,,,,,,
Weight of Layer 1,Weight,350,-0.012448655,0.012448655,,,,,,,,,,,
Weight of Layer 1,Weight,3,-0.01208815,0.01208815,,,,,,,,,,,
Weight of Layer 1,Weight,397,0.011984952,0.011984952,,,,,,,,,,,
Weight of Layer 1,Weight,47,0.011632354,0.011632354,,,,,,,,,,,
Weight of Layer 1,Weight,582,0.011575082,0.011575082,,,,,,,,,,,
Weight of Layer 1,Weight,772,-0.011387041,0.011387041,,,,,,,,,,,
Weight of Layer 1,Weight,669,0.011357844,0.011357844,,,,,,,,,,,
Weight of Layer 1,Weight,142,0.011300121,0.011300121,,,,,,,,,,,
Weight of Layer 1,Weight,11,-0.01098964,0.01098964,,,,,,,,,,,
Weight of Layer 1,Weight,441,0.010809593,0.010809593,,,,,,,,,,,
Weight of Layer 1,Weight,42,0.010400703,0.010400703,,,,,,,,,,,
Weight of Layer 1,Weight,624,0.010232281,0.010232281,,,,,,,,,,,
Weight of Layer 1,Weight,521,-0.009797264,0.009797264,,,,1,,,,,,,
Weight of Layer 1,Weight,615,0.009783149,0.009783149,,,,,,,,,,,
Weight of Layer 1,Weight,433,0.009715912,0.009715912,,,,,,,,,,,
Weight of Layer 1,Weight,702,-0.009425101,0.009425101,,,,,,,,,,,
Weight of Layer 1,Weight,19,-0.009375471,0.009375471,,,,,,,,,,,
Weight of Layer 1,Weight,464,0.009209907,0.009209907,,,,,,,,,,,
Weight of Layer 1,Weight,385,-0.009150728,0.009150728,,,0,,,,,,,,
Weight of Layer 1,Weight,683,0.008771331,0.008771331,,,,,,,,,,,
Weight of Layer 1,Weight,625,0.008562648,0.008562648,,,,,,,,,,,
Weight of Layer 1,Weight,743,0.007823699,0.007823699,,,,,,,,,,,
Weight of Layer 1,Weight,414,-0.007576503,0.007576503,,,,,,,,,,,
Weight of Layer 1,Weight,365,-0.007118932,0.007118932,,,,,,,,,,,
Weight of Layer 1,Weight,31,-0.00646566,0.00646566,,,,,,,,,,,
Weight of Layer 1,Weight,630,0.005923483,0.005923483,,,,,,,,,,,
Weight of Layer 1,Weight,281,0.005803884,0.005803884,,,,,,,,,,,
Weight of Layer 1,Weight,526,0.005748583,0.005748583,,,,,,,,,,,
Weight of Layer 1,Weight,26,0.005620957,0.005620957,,,,0,,,,,,,
Weight of Layer 1,Weight,496,-0.005594758,0.005594758,,,,,,,,,,,
Weight of Layer 1,Weight,139,0.005323181,0.005323181,,,,,,,,,,,
Weight of Layer 1,Weight,773,-0.0049831,0.0049831,,,,,,,,,,0,
Weight of Layer 1,Weight,603,-0.004916777,0.004916777,,,,,,,,,,,
Weight of Layer 1,Weight,465,-0.004861873,0.004861873,,,,,,,,,,,
Weight of Layer 1,Weight,556,0.004679488,0.004679488,,,0,,,,,,,,
Weight of Layer 1,Weight,693,0.004634762,0.004634762,,,,,,,,,,,
Weight of Layer 1,Weight,21,0.004363982,0.004363982,,,,,,,,,,,
Weight of Layer 1,Weight,442,0.00390981,0.00390981,,,,,,,,,,,
Weight of Layer 1,Weight,129,0.003595849,0.003595849,,,,,,,,,,,
Weight of Layer 1,Weight,337,0.003552108,0.003552108,,,,,,,,,,,
Weight of Layer 1,Weight,739,-0.003423717,0.003423717,,,,,,,,,,,
Weight of Layer 1,Weight,510,-0.003267197,0.003267197,,,,,,,,,,,
Weight of Layer 1,Weight,54,-0.003150288,0.003150288,,,,,,,,,,,
Weight of Layer 1,Weight,16,-0.00293029,0.00293029,,,,,,,,,,,
Weight of Layer 1,Weight,690,0.002178279,0.002178279,,,,,,,,,,,
Weight of Layer 1,Weight,367,-0.0019392,0.0019392,,,,,,0,,,,,
Weight of Layer 1,Weight,551,-0.001837929,0.001837929,,,,,,1,,,,,
Weight of Layer 1,Weight,369,0.00124248,0.00124248,,,,,,,,,,,
Weight of Layer 1,Weight,390,0.001180999,0.001180999,,,,,,,,,,,
Weight of Layer 1,Weight,633,-0.000915741,0.000915741,,,,,,,,,,,
Weight of Layer 1,Weight,718,0.000874512,0.000874512,,,,,,,,,,,
Weight of Layer 1,Weight,729,-0.000769518,0.000769518,,,,,,,,,,,
Weight of Layer 1,Weight,660,-0.000566086,0.000566086,,,,,,,,,,,
Weight of Layer 1,Weight,567,-0.0005023,0.0005023,,,,,,,,,0,0,
Weight of Layer 1,Weight,722,-0.000101936,0.000101936,,,,,,,,,,,
